id,firstname,lastname
117,Wilma,Stanwood
199,Nerta,Belanger
105,Cristine,Maisey
132,Genovera,Cleavland
101,Roz,Si
127,Dari,Teddman
155,Chastity,Franza
145,Marita,Urias
179,Fina,Burch
184,Elie,Bluh
125,Arlina,Brittani
100,Andeee,Hartnett
154,Deedee,Phyllis
104,Katleen,Parette
156,Merle,Judye
163,Wilma,Pettiford
147,Beverley,Maribeth
109,Carol-Jean,Bury
181,Chickie,Riva
138,Camile,Drisko
150,Addia,Manolo
131,Daune,Nunci
194,Chickie,Mata
170,Ermengarde,Pip
140,Fernande,Lilas
180,Maridel,Isacco
197,Alyda,Garlinda
193,Rhea,Annice
166,Cathie,Diann
168,Gilligan,Mott
121,Brietta,Kirbee
164,Nickie,Bashemeth
190,Alexine,Nance
122,Livvyy,Halsey
185,Elfreda,Hamil
149,Felice,Jenness
161,Linet,Randene
129,Janenna,Lumbard
176,Elvira,Valerio
174,Tilly,Means
175,Beverley,Kirstin
120,Almeta,Peg
141,Zsa Zsa,Arvo
178,Babita,Prouty
159,Kaja,Kalinda
119,Abbie,Noelyn
186,Marcelline,Gherardo
124,Petronia,Payson
153,Tybie,Dearborn
116,Lorenza,Mich
135,Lucy,Wilkinson
114,Margarette,Duwalt
113,Gerianna,Pulsifer
137,Nessie,Hoenack
111,Pollyanna,Whittaker
102,Leia,Teryn
192,Goldie,Egbert
157,Caritta,Winthorpe
148,Nanete,Gibbeon
133,Georgina,Oneida
172,Katuscha,Schenck
136,Dotty,Sholley
142,Kayla,Franza
130,Cyndie,Hanleigh
108,Emelina,Beniamino
177,Ottilie,Erich
143,Margette,Dahlia
152,Vita,Elvyn
139,Adele,Weaks
195,Caressa,Fulmer
182,Alyda,Bethany
110,Zsa Zsa,McLaughlin
196,Pearline,Belanger
189,Leontine,Billye
118,Caritta,Bord
106,Therine,Peti
162,Annaliese,Septima
171,Cyb,Arley
183,Veda,Anis
173,Jillayne,Masao
167,Violet,Franza
144,Shandie,Hollingsworth
151,Harmonia,Nore
165,Raf,Lissi
112,Doro,Liebermann
134,Lanna,Ortrude
115,Jorry,Natalia
169,Pollyanna,Sancho
160,Dode,Henrie
123,Raf,Earlie
198,Aurelie,Izaak
128,Antonietta,Delila
188,Vita,Merell
107,Candi,Wooster
126,Kimmy,Chinua
146,Ardeen,Sundin
187,Valera,Jobi
103,Susan,Aprile
191,Cyndie,Tiffa
158,Georgetta,Miru